"source","destination","startTime","finishTime","price","airline"
"Hobart","Adelaide","01/12/2015 14:40","01/12/2015 21:15","422.019758225428","Airline A"
"Hobart","Adelaide","01/12/2015 20:15","02/12/2015 03:00","463.59129490498","Airline B"
"Launceston","Adelaide","01/12/2015 06:20","01/12/2015 11:20","360.569018991929","Airline B"
"Launceston","Adelaide","01/12/2015 06:20","01/12/2015 11:25","489.162266435643","Airline B"
"Launceston","Adelaide","01/12/2015 22:20","02/12/2015 03:25","496.607970631033","Airline B"
"Perth","Adelaide","01/12/2015 12:15","01/12/2015 14:30","290.905575869095","Airline B"
"Perth","Adelaide","01/12/2015 12:40","01/12/2015 14:45","254.191105605192","Airline B"
"Perth","Adelaide","02/12/2015 00:40","02/12/2015 02:45","213.137657667109","Airline B"
"Perth","Adelaide","01/12/2015 16:00","01/12/2015 18:15","282.437963589299","Airline A"
"Perth","Adelaide","01/12/2015 17:55","01/12/2015 20:00","285.353850147386","Airline B"
"Perth","Adelaide","01/12/2015 14:20","01/12/2015 16:35","238.871803665008","Airline B"
"Perth","Adelaide","01/12/2015 16:25","01/12/2015 18:30","289.081376925614","Airline B"
"Perth","Adelaide","01/12/2015 20:25","01/12/2015 22:35","228.207534378491","Airline B"
"Perth","Adelaide","02/12/2015 00:45","02/12/2015 02:55","231.976610669855","Airline B"
"Perth","Adelaide","02/12/2015 00:20","02/12/2015 02:30","241.862665415678","Airline B"
"Melbourne","Adelaide","01/12/2015 22:45","02/12/2015 01:00","833.102348648525","Airline B"
"Melbourne","Adelaide","01/12/2015 16:15","01/12/2015 18:30","103.937131368526","Airline B"
"Melbourne","Adelaide","01/12/2015 16:40","01/12/2015 18:50","143.960179609228","Airline B"
"Melbourne","Adelaide","01/12/2015 23:15","02/12/2015 01:25","143.932575021839","Airline B"
"Melbourne","Adelaide","01/12/2015 16:45","01/12/2015 18:50","70.3038769589289","Airline C"
"Melbourne","Adelaide","01/12/2015 23:50","02/12/2015 02:00","135.709609941444","Airline A"
"Melbourne","Adelaide","01/12/2015 20:25","01/12/2015 22:40","121.613131822838","Airline B"
"Melbourne","Adelaide","01/12/2015 08:10","01/12/2015 10:15","87.2744477993224","Airline B"
"Melbourne","Adelaide","01/12/2015 20:00","01/12/2015 22:05","104.171654970465","Airline B"
"Melbourne","Adelaide","01/12/2015 06:00","01/12/2015 08:05","74.5780384934405","Airline B"
"Melbourne","Adelaide","01/12/2015 08:25","01/12/2015 10:35","95.3252624465736","Airline B"
"Melbourne","Adelaide","01/12/2015 18:40","01/12/2015 20:55","81.4565131866636","Airline B"
"Melbourne","Adelaide","02/12/2015 00:35","02/12/2015 02:50","122.938541012322","Airline B"
"Melbourne","Adelaide","01/12/2015 21:35","01/12/2015 23:50","134.749020703486","Airline B"
"Melbourne","Adelaide","01/12/2015 22:45","02/12/2015 00:50","84.737375124701","Airline C"
"Melbourne","Adelaide","01/12/2015 11:40","01/12/2015 13:55","70.1784560830232","Airline A"
"Melbourne","Adelaide","01/12/2015 21:00","01/12/2015 23:15","125.532562088004","Airline B"
"Melbourne","Adelaide","01/12/2015 13:15","01/12/2015 15:25","148.251382968506","Airline B"
"Melbourne","Adelaide","01/12/2015 08:20","01/12/2015 10:35","88.8616594014976","Airline A"
"Melbourne","Adelaide","02/12/2015 00:25","02/12/2015 02:30","118.215830534797","Airline B"
"Melbourne","Adelaide","01/12/2015 09:25","01/12/2015 11:35","83.9839134802967","Airline B"
"Melbourne","Adelaide","01/12/2015 07:00","01/12/2015 09:10","71.4005825302566","Airline B"
"Melbourne","Adelaide","01/12/2015 19:55","01/12/2015 22:10","98.2957333458102","Airline B"
"Melbourne","Adelaide","01/12/2015 11:50","01/12/2015 13:55","92.1785599096578","Airline B"
"Melbourne","Adelaide","01/12/2015 14:20","01/12/2015 16:30","124.817669789688","Airline B"
"Sydney","Adelaide","01/12/2015 08:25","01/12/2015 10:30","221.319038291145","Airline B"
"Sydney","Adelaide","01/12/2015 11:25","01/12/2015 13:30","282.178770463066","Airline B"
"Sydney","Adelaide","01/12/2015 11:30","01/12/2015 13:35","264.029701223611","Airline B"
"Sydney","Adelaide","02/12/2015 00:45","02/12/2015 02:50","224.544475797817","Airline C"
"Sydney","Adelaide","01/12/2015 10:15","01/12/2015 12:30","292.609104883209","Airline B"
"Sydney","Adelaide","01/12/2015 23:05","02/12/2015 01:15","216.188283784403","Airline B"
"Sydney","Adelaide","01/12/2015 18:35","01/12/2015 20:40","204.345918262538","Airline B"
"Sydney","Adelaide","01/12/2015 06:55","01/12/2015 09:00","83.6475052608398","Airline B"
"Sydney","Adelaide","02/12/2015 00:55","02/12/2015 03:00","1182.79736823533","Airline B"
"Sydney","Adelaide","01/12/2015 20:40","01/12/2015 22:45","251.77187447053","Airline B"
"Sydney","Adelaide","01/12/2015 11:35","01/12/2015 13:40","228.619855748778","Airline B"
"Sydney","Adelaide","01/12/2015 06:05","01/12/2015 08:20","257.318974825236","Airline B"
"Sydney","Adelaide","02/12/2015 00:35","02/12/2015 02:45","294.950369929406","Airline B"
"Sydney","Adelaide","01/12/2015 10:00","01/12/2015 12:10","290.634062975009","Airline B"
"Sydney","Adelaide","01/12/2015 23:05","02/12/2015 01:15","281.551866550721","Airline B"
"Sydney","Adelaide","01/12/2015 09:35","01/12/2015 11:40","281.450691531157","Airline B"
"Sydney","Adelaide","01/12/2015 13:25","01/12/2015 15:35","71.5531489446541","Airline B"
"Sydney","Adelaide","01/12/2015 14:25","01/12/2015 16:40","1113.95822498666","Airline B"
"Sydney","Adelaide","01/12/2015 06:35","01/12/2015 08:50","237.179305887399","Airline A"
"Sydney","Adelaide","01/12/2015 21:10","01/12/2015 23:15","272.005341794344","Airline B"
"Brisbane","Adelaide","01/12/2015 13:15","01/12/2015 16:25","300.040469318647","Airline B"
"Brisbane","Adelaide","01/12/2015 10:15","01/12/2015 13:25","275.761659664922","Airline A"
"Brisbane","Adelaide","01/12/2015 12:55","01/12/2015 16:10","420.992878880814","Airline B"
"Brisbane","Adelaide","01/12/2015 06:05","01/12/2015 09:15","445.096402962271","Airline B"
"Brisbane","Adelaide","01/12/2015 21:45","02/12/2015 01:00","1163.52032886982","Airline B"
"Brisbane","Adelaide","01/12/2015 10:00","01/12/2015 13:10","352.03349490279","Airline B"
"Brisbane","Adelaide","01/12/2015 09:45","01/12/2015 12:55","366.876207183523","Airline B"
"Brisbane","Adelaide","01/12/2015 16:00","01/12/2015 19:15","307.543995560866","Airline B"
"Brisbane","Adelaide","01/12/2015 18:40","01/12/2015 21:45","245.230933858655","Airline A"
"Brisbane","Adelaide","01/12/2015 19:15","01/12/2015 22:30","284.23389516968","Airline B"
"Canberra","Adelaide","01/12/2015 12:20","01/12/2015 14:05","610.236688940896","Airline B"
"Canberra","Adelaide","01/12/2015 19:45","01/12/2015 21:25","503.28229125742","Airline B"
"Canberra","Adelaide","01/12/2015 06:45","01/12/2015 08:20","533.753877521378","Airline B"
"Gold Coast","Adelaide","01/12/2015 10:20","01/12/2015 13:30","295.397364113199","Airline B"
"Gold Coast","Adelaide","01/12/2015 18:05","01/12/2015 21:10","232.255027551323","Airline B"
"Cairns","Adelaide","01/12/2015 15:40","01/12/2015 19:20","301.832057792615","Airline B"
"Alice Springs","Adelaide","01/12/2015 16:15","01/12/2015 18:30","350.881760265157","Airline B"
"Alice Springs","Adelaide","01/12/2015 10:15","01/12/2015 12:20","548.604770353346","Airline B"
