"name", "role", "expectedScore"
"Minomelo","provoker","27.333333333333332"
"Keysuhdilluh","generator","2.0"
"QuackBag","generator","-1.0"
"xSARGEx117x","generator","3.0"
"loosenho666","generator","1.0"
"MysticMoteToter","provoker","3.6"
"thegoonsquad","generator","8.0"
"GardenLife","generator","1.0"
"reynardthafox","provoker","135.13333333333333"
"peteroh9","provoker","1.6666666666666667"
"Irorak","generator","1.0"
"745_Gucci_Interior","generator","1.5"
"Aixth","generator","6.0"
"mabramo","generator","0.0"
"GODD_JACKSON","provoker","9.871794871794872"
"ILikeTr4ins","generator","1.0"
"Mudbutt7","generator","0.0"
"KuronX","generator","4.0"
"null_value","generator","3.0"
"splashyMcGee","generator","3.0"
"tyranicalteabagger","generator","8.5"
"maxfortitude","generator","0.0"
"ryanwnzl","generator","1.0"
"Lokabf3","generator","1.0"
"dCLCp","generator","1.0"
"passwordsarehard_3","generator","43.5"
"eeyore102","generator","2.0"
"AccioMotherfucker","generator","4.9"
"0thatguy","provoker","143.11111111111111"
"gurg2k1","generator","4.0"
"LCDXX","generator","0.0"
"deadfermata","generator","1.0"
"thegr8rambino13","generator","1.0"
"pudles","generator","1.0"
"TheonlyGirrafe","generator","0.0"
"Solidsnake104","generator","1.0"
"6falkor6","generator","1.0"
"trentthecaptain","generator","2.0"
"CustosClavium","generator","4.5"
"furrypla94","provoker","1.0"
"CRAB_WHORE_SLAYER","generator","4.0"
"MDC40","generator","8.75"
"Randyraycyrus","generator","5.0"
"Tree-eeeze","generator","2.0"
"gonthrax","generator","4.5"
"Tagifras","generator","0.0"
"cortesoft","generator","8.0"
"mlodypatyk","generator","1.0"
"daresign666","generator","1.0"
"ImaginarySpider","generator","8.0"
"FlipStik","generator","4.333333333333333"
"seanbduff","generator","3.0"
"kendirect","generator","1.0"
"EnvidiaProductions","generator","2.0"
"ttboo","generator","1.0"
"Asilomar","generator","1.0"
"SteadyDan99","generator","1.0"
"CaptnKazma","generator","1.0"
"Seeders","generator","1.0"
"jwaldo","generator","16.5"
"yanman","generator","1.0"
"kiq_ass","provoker","5.0"
"balathustrius","generator","1.5"
"purple_sage2","generator","1.25"
"CloneSix","generator","1.0"
"Grunnakuba","generator","1.0"
"ChellyTown","generator","1.0"
"AnotherThroneAway","provoker","14.666666666666666"
"joewaffle1","generator","1.3333333333333333"
"best_of_badgers","generator","14.0"
"tonycomputerguy","generator","4.0"
"PM_ME_UR_FAPS","generator","1.0"
"7fw","provoker","156.30769230769232"
"crumptersteve","generator","1.0"
"FRIENDLY_CANADIAN","generator","1.0"
"wakeupwill","generator","4.5"
"krenshala","generator","1.3333333333333333"
"neotropic9","provoker","1.0"
"AnExoticLlama","generator","2.0"
"Vinkarus","generator","15.0"
"iammrsbug","generator","2.0"
"sc00p","generator","0.0"
"Fizzlefish","generator","1.0"
"mrlambo1399","generator","0.0"
"LollingTrolling","generator","1.0"
"Castun","generator","1.0"
"Lacey_Von_Stringer","generator","14.0"
"paulmclaughlin","generator","5.0"
"jordoonearth","generator","1.0"
"tjlampe","provoker","6.5"
"-kindakrazy-","provoker","39.44444444444444"
"thipp","provoker","13.5"
"stunna006","generator","1.0"
"loulan","generator","1.0"
"Aspy343","generator","1.0"
"Levy_Wilson","generator","1.0"
"Erionns","generator","0.0"
"DeltaPositionReady","generator","-4.0"
"happyguy12345","generator","0.0"
"LycanicAlex","generator","1.5"
"mustnotthrowaway","generator","4.0"
"rupturedprostate","generator","0.5"
"EminGH","generator","9.0"
"epic676","generator","4.0"
"RecoveredAddictAMA","generator","0.0"
"uniquely_average","generator","2.0"
"TongueDartTheFartB0x","generator","3.0"
"crazypond","generator","1.5"
"Delta-62","generator","0.0"
"Mizzet","generator","2.0"
"Lazukin","generator","1.75"
"twojaguars","generator","11.0"
"lairmd1371","generator","1.0"
"TheOneTrueTrench","generator","2.0"
"ooKael6Z","generator","1.0"
"Klagoda","generator","1.0"
"Ptaz","generator","8.0"
"moeburn","generator","1.0"
"DenebVegaAltair","generator","0.5"
"LSF604","provoker","1.0"
"m0r31d","generator","1.0"
"Goliath_Gamer","generator","0.8571428571428571"
"scootymcpuff","provoker","20.642857142857142"
"three_hands_man","provoker","2.1538461538461537"
"untitled_redditor","generator","1.0"
"Aqua_Puddles","generator","1.0"
"Astrosomnia","generator","3.0"
"pritikina","generator","1.0"
"duckvimes_","provoker","53.666666666666664"
"Nowin","generator","2.0"
"randomcoincidences","generator","2.0"
"PicopicoEMD","provoker","6.333333333333333"
"nevergetssarcasm","generator","1.0"
"theonlycanvas","generator","1.5"
"sevenboarder","generator","1.0"
"SuperSMT","generator","2.3333333333333335"
"poop_poops","generator","2.5"
"Schadenfreuder","generator","1.0"
"xisytenin","provoker","22.333333333333332"
"IoncehadafourLbPoop","generator","3.5"
"7LeagueBoots","generator","1.0"
"graffiti81","generator","1.0"
"Azwethinkweist","provoker","8.333333333333334"
"Strixxi","generator","1.0"
"gangsta_baby","generator","2.0"
"karpomalice","generator","2.0"
"Xtrall","generator","1.0"
"DontCallMeInTheAM","generator","6.0"
"Grammar-Nazi007","generator","1.5"
"Seesawkarma","generator","0.0"
"iamaManBearPig","generator","1.0"
"Lasseus","generator","1.0"
"nullir91","generator","1.0"
"enigmamonkey","provoker","8.791666666666666"
"Brodins_Hammer","provoker","6.8"
"DrDigDown","generator","7.0"
"xOmega157x","generator","1.0"
"alecn","generator","3.0"
"Treebeezy","generator","5.666666666666667"
"EroticBurrito","generator","2.0"
"Slinky12345","generator","3.0"
"j3n3s41sp4s","generator","5.0"
"turtlevader","generator","1.0"
"Redditacious","generator","1.75"
"Meuses","provoker","5.8"
"PUREDUST","generator","1.0"
"1ReviewReviewer1","generator","21.5"
"naasking","generator","1.0"
"Keif_Stones_0-o","generator","1.0"
"Captainbuckle","generator","2.0"
"flaim","provoker","13.333333333333334"
"StuckInaTriangle","generator","1.0"
"indyK1ng","generator","12.0"
"Benedikto_","generator","1.0"
"ChrisAshtear","generator","1.0"
"SpliffordTheDog","generator","1.0"
"Silverlight42","provoker","14.384615384615385"
"Wertyujh1","provoker","3.4"
"wotrednuloot","generator","1.5"
"jswhitten","generator","1.0"
"Melchoir","generator","2.0"
"HookLogan","provoker","1.3333333333333333"
"thatdbeagoodbandname","generator","2.0"
"dalovindj","generator","16.0"
"alonjar","generator","2.0"
"Aegean","generator","1.0"
"McMurphyCrazy","provoker","6.823529411764706"
"hazysummersky","generator","3.0"
"HFXGeo","generator","2.0"
"dothrakipoe","generator","15.0"
"sheepinabowl","generator","6.75"
"FellKnight","provoker","20.185185185185187"
"mikehipp","generator","1.0"
"Bitcoin_Chief","generator","2.0"
"EdwardBola","provoker","32.666666666666664"
"cerealbh","generator","1.0"
"Smauler","generator","5.0"
"jawookie","provoker","4.25"
"banana_tango","generator","3.0"
"neonflannel","generator","4.5"
"iBlameBoobs","generator","0.0"
"chocobo606","generator","5.0"
"ratsba1000","generator","0.0"
"Diabloviro","generator","3.0"
"re-verse","generator","3.0"
"aredditgroupthinker","generator","1.0"
"PatyxEU","provoker","116.31182795698925"
"Block_Generation","generator","1.0"
"not_son_goku","generator","0.5"
"Idontcareboutyou","generator","1.0"
"ExtrudesCaca","generator","1.0"
"mmmkunz","provoker","39.75"
"jacksalssome","provoker","0.0"
"reddittrees2","provoker","1.6666666666666667"
"Bullinger","generator","1.0"
"AeliusHadrianus","generator","1.0"
"datadrian","generator","1.0"
"DickCheesePussyJuice","generator","0.0"
"adsfsk","generator","2.0"
"zangor","generator","-8.0"
"joshuralize","generator","2.0"
"BrentD22","generator","1.0"
"wrath_of_grunge","provoker","6.333333333333333"
"green-bean-fiend","generator","1.0"
"pizzahippie","generator","7.0"
"lightinthedark","generator","1.0"
"BitterCoffeeMan","generator","1.0"
"Fenzik","generator","1.0"
"bryan_rothwell","generator","2.0"
"812many","generator","1.0"
"ehkodiak","generator","1.0"
"ParanoidDennis","generator","2.0"
"Fellhuhn","generator","1.0"
"imanAholebutimfunny","generator","2.0"
"OrginalCanadian","generator","0.0"
"K3R3G3","generator","2.0"
"grinkfloor","generator","0.5"
"AReallyBigOne","generator","0.0"
"willun","generator","1.0"
"david4069","generator","1.0"
"rpeters","generator","0.0"
"mbcarl","provoker","13.916666666666666"
"doppelbach","generator","1.0"
"Robinisthemother","generator","0.0"
"jeff26554","generator","1.0"
"GreenStrong","generator","3.5"
"americanpegasus","generator","1.0"
"BigClifty","generator","17.333333333333332"
"t3hPoundcake","generator","1.0"
"SufferingSaxifrage","generator","1.0"
"fractalife","generator","-1.0"
"WanderingSkunk","generator","2.0"
"AKnightAlone","generator","0.0"
"cirquedesolame","generator","1.0"
"lilvipa","generator","1.0"
"Arthorius","generator","1.0"
"PhatNornangles","generator","3.0"
"Dimitri_the_Turtle","generator","1.0"
"Viking_Lordbeast","provoker","124.0"
"mazu747","provoker","2.6666666666666665"
"Beejsterb","generator","7.0"
"golergka","generator","1.0"
"Hollowprime","generator","0.0"
"GhostRider22","generator","8.0"
"PBRBeer","generator","3.5"
"1994bmw","generator","6.0"
"powercow","generator","0.0"
"udiniad","generator","1.0"
"supercharv","generator","1.0"
"Matt872000","generator","1.0"
"TonyzTone","generator","2.0"
"FatAardvark","generator","1.0"
"CjStaal","generator","1.0"
"dommu","provoker","16.571428571428573"
"lonebrew","provoker","54.0"
"UROBONAR","generator","1.0"
"McKlown","generator","1.0"
"pdxsean","provoker","4.8125"
"ajaytech","generator","1.0"
"2cone","generator","0.0"
"briaen","generator","1.5"
"asralyn","generator","1.1666666666666667"
"CreamOfTheClop","generator","1.0"
"darrellbear","provoker","20.2"
"pliers_agario","generator","7.0"
"squishybloo","generator","2.0"
"elitedelta40","generator","1.0"
"imnamenderbratwurst","generator","1.0"
"BraulioG1","generator","1.0"
"Piovertau","generator","1.0"
"Quetzal_Pretzel","generator","1.0"
"9291","generator","3.0"
"Relevant_Music","generator","1.0"
"idontknowwhattosay-","generator","1.2857142857142858"
"SagebrushID","generator","1.1666666666666667"
"SixshooteR32","generator","1.0"
"cozmanian","generator","2.0"
"imperabo","generator","12.0"
"MysteriousMooseRider","generator","2.0"
"Duodecimal","generator","0.0"
"biof3tus","generator","10.666666666666666"
"GoSox2525","generator","1.0"
"cordell507","generator","1.0"
"Suic","generator","0.0"
"CynicalZebra","generator","1.0"
"LlamaJack","generator","2.0"
"motorhead84","provoker","3.3333333333333335"
"SexyMrSkeltal","generator","1.0"
"whoizz","generator","1.0"
"gtfomylawnplease","provoker","7.666666666666667"
"FatGecko5","provoker","273.0"
"Dewy_Wanna_Go_There","provoker","1.2857142857142858"
"Corumain_Duvantar","provoker","5.0"
"frank_mania","generator","3.0"
"terrapin1203","generator","5.0"
"NekoMimiMode","generator","0.0"
"ExpLimited","generator","2.0"
"CatsAreGods","generator","0.6666666666666666"
"markevens","generator","1.0"
"godOmelet","generator","1.4"
"Procustes","generator","1.0"
"Pwd_is_taco","generator","1.0"
"obiterdictum","generator","1.0"
"isavedakittentoday","generator","1.0"
"wontimeicountedtwoat","generator","6.0"
"DeerKiller","generator","1.0"
"onFilm","provoker","3.0"
"im_thecat","generator","1.0"
"pooroldedgar","generator","6.0"
"diggleblop","generator","1.0"
"Waywoah","provoker","19.6"
"Denziloe","generator","0.0"
"WiretapStudios","generator","4.428571428571429"
"sticklebat","generator","2.7142857142857144"
"bradygilg","generator","1.0"
"Vectoor","generator","5.0"
"ducttapedude","generator","1.0"
"keirdre","generator","30.0"
"Jeffffffffffs","generator","1.0"
"Richardmg9","generator","1.0"
"ParadoxicalJinx","generator","1.0"
"Colley619","generator","1.0"
"ClemClem510","generator","0.5"
"Cruxion","generator","0.5"
"qounqer","generator","18.0"
"Light_Horizon","generator","1.4166666666666667"
"torik0","generator","2.0"
"spedere","generator","2.0"
"JourneymanWelder","generator","0.0"
"TheSystem_IsDown","generator","1.5555555555555556"
"FlowstateFluid","provoker","8.071428571428571"
"Orionid","generator","2.0"
"cantworkouttheugly","generator","0.0"
"MajorLazy","provoker","3.0"
"ThreesAMurder","generator","2.0"
"neomagtyler","generator","5.0"
"Jarslow","generator","15.5"
"bonkus","generator","1.0"
"Urban_Savage","generator","6.0"
"Xalteox","generator","1.0"
"shimshimmaShanghai","generator","14.0"
"DreaMTime_Psychonaut","generator","3.0"
"Gnome_Sane","generator","1.0"
"HelenKellersBhole","provoker","5.0"
"UnimaginativeJuan","provoker","32.666666666666664"
"SquirtleSpaceProgram","generator","11.5"
"reckoner15","generator","2.0"
"Rengee","generator","0.0"
"TeleTwin","generator","2.0"
"Manacock","generator","0.0"
"time2fly2124","generator","20.5"
"Draganfang","generator","3.0"
"LAULitics","generator","1.0"
"_invoker","generator","1.0"
"jihadcw","generator","0.5"
"COMPLIMENT-4-U","generator","2.0"
"Newbsaccount","generator","8.0"
"christophurr","provoker","2.75"
"IAmTheNight2014","generator","2.0"
"McDreads","generator","1.0"
"bcstoner","generator","1.0"
"ButWillItFloat","generator","2.0"
"jonnyfgm","generator","8.0"
"scrotalimplosion","generator","15.75"
"Dawknight","generator","1.0"
"jeffdrafttech","provoker","5.0"
"The_Debtor","generator","2.0"
"SQUID_FUCKER","provoker","5.6"
"quantumvote","provoker","165.125"
"MrBester","generator","1.5"
"alcontrast","generator","1.5"
"DewSchnozzle","generator","1.0"
"Culinarytracker","generator","2.0"
"RedHaze","generator","1.0"
"SovreignTripod","provoker","1.6666666666666667"
"ClintonHarvey","provoker","25.8"
"samgivey","generator","1.0"
"JustinMyMind","generator","3.0"
"craigiest","generator","13.0"
"greatunknownpub","provoker","3.0"
"eigenvectorseven","generator","11.5"
"jughandle","generator","-1.0"
"WazWaz","generator","1.0"
"TheCurseOfEvilTim","generator","1.0"
"charlietoday","provoker","10.1"
"dar1n9","provoker","1.0"
"capt_clark","generator","1.0"
"Frater_Petrichor","generator","5.5"
"PICS_ND_SHIT","generator","2.0"
"Ronnie_Soak","generator","1.0"
"The_Brahmatron","generator","1.0"
"SlowRollingBoil","generator","1.0"
"PeasantToPrince","generator","9.4"
"tdmd","generator","2.0"
"benzabs","generator","1.0"
"gtipwnz","generator","1.0"
"Anjz","generator","3.0"
"cassie1992","generator","1.0"
"FappeningHero","generator","1.0"
"DongLongson","generator","0.0"
"PM_ME_CHEESEBURGERS","generator","1.0"
"shoots67","generator","1.0"
"Iheartchickennuggets","generator","23.5"
"Too_much_vodka","generator","1.0"
"Ressotami","generator","30.0"
"tdawg4rul","provoker","24.0"
"Thatsnotwhatthatsfor","generator","2.0"
"PMMeYourPokemonTeam","generator","8.0"
"barruu","provoker","0.3333333333333333"
"thecmfg","generator","2.0"
"Gylergin","generator","3.0"
"welding-_-guru","generator","4.0"
"WarningDerpAhead","generator","1.0"
"raptorbpw","generator","6.0"
"freeze123901","generator","-1.0"
"TakenByVultures","generator","0.0"
"BerserkerGreaves","generator","3.0"
"[deleted]","provoker","5.6415094339622645"
